id,name,model_id:id,group_id:id,perm_read,perm_write,perm_create,perm_unlink
access_hr_contact_user,hr.contact,model_hr_contact,hr_recruitment.group_hr_recruitment_user,1,1,1,1
access_hr_education_user,hr.education,model_hr_education,hr_recruitment.group_hr_recruitment_user,1,1,1,1
access_hr_contact_manager,hr.contact,model_hr_contact,hr_recruitment.group_hr_recruitment_manager,1,1,1,1
access_hr_education_manager,hr.education,model_hr_education,hr_recruitment.group_hr_recruitment_manager,1,1,1,1
access_hr_contact_base_user,hr.contact,model_hr_contact,base.group_user,1,0,0,0
access_hr_education_base_user,hr.education,model_hr_education,base.group_user,1,0,0,0
access_hr_contact_hr_manager,hr.contact,model_hr_contact,hr.group_hr_manager,1,1,0,0
access_hr_education_hr_manager,hr.education,model_hr_education,hr.group_hr_manager,1,1,0,0
